strain, s11, s22, s33, q, p, e
0, -1.2e+06, -1.2e+06, -1.2e+06, 0, -1.2e+06, 0.67
-0.0001, -1.24361e+06, -1.17956e+06, -1.17956e+06, -64052, -1.20091e+06, 0.67
-0.0002, -1.28445e+06, -1.16144e+06, -1.16144e+06, -123008, -1.20245e+06, 0.67
-0.0003, -1.31546e+06, -1.14579e+06, -1.14579e+06, -169671, -1.20234e+06, 0.67
-0.0004, -1.33521e+06, -1.13196e+06, -1.13196e+06, -203244, -1.19971e+06, 0.67
-0.0005, -1.34605e+06, -1.11931e+06, -1.11931e+06, -226737, -1.19489e+06, 0.67
-0.0006, -1.35116e+06, -1.10738e+06, -1.10738e+06, -243777, -1.18864e+06, 0.67
-0.0007, -1.35286e+06, -1.0959e+06, -1.0959e+06, -256960, -1.18155e+06, 0.67
-0.0008, -1.35264e+06, -1.08475e+06, -1.08475e+06, -267895, -1.17404e+06, 0.67
-0.0009, -1.35135e+06, -1.07384e+06, -1.07384e+06, -277509, -1.16634e+06, 0.67
-0.001, -1.34947e+06, -1.06315e+06, -1.06315e+06, -286321, -1.15859e+06, 0.67
-0.0011, -1.34727e+06, -1.05265e+06, -1.05265e+06, -294618, -1.15085e+06, 0.67
-0.0012, -1.34488e+06, -1.04233e+06, -1.04233e+06, -302556, -1.14318e+06, 0.67
-0.0013, -1.3424e+06, -1.03218e+06, -1.03218e+06, -310222, -1.13558e+06, 0.67
-0.0014, -1.33986e+06, -1.02219e+06, -1.02219e+06, -317664, -1.12808e+06, 0.67
-0.0015, -1.33728e+06, -1.01237e+06, -1.01237e+06, -324909, -1.12068e+06, 0.67
-0.0016, -1.33469e+06, -1.00271e+06, -1.00271e+06, -331975, -1.11337e+06, 0.67
-0.0017, -1.33208e+06, -993207, -993207, -338871, -1.10616e+06, 0.67
-0.0018, -1.32946e+06, -983854, -983854, -345606, -1.09906e+06, 0.67
-0.0019, -1.32684e+06, -974651, -974651, -352185, -1.09205e+06, 0.67
-0.002, -1.32421e+06, -965596, -965596, -358612, -1.08513e+06, 0.67
-0.0021, -1.32158e+06, -956684, -956684, -364892, -1.07831e+06, 0.67
-0.0022, -1.31894e+06, -947915, -947915, -371028, -1.07159e+06, 0.67
-0.0023, -1.31631e+06, -939285, -939285, -377023, -1.06496e+06, 0.67
-0.0024, -1.31367e+06, -930792, -930792, -382882, -1.05842e+06, 0.67
-0.0025, -1.31104e+06, -922434, -922434, -388607, -1.05197e+06, 0.67
-0.0026, -1.30841e+06, -914207, -914207, -394201, -1.04561e+06, 0.67
-0.0027, -1.30578e+06, -906110, -906110, -399668, -1.03933e+06, 0.67
-0.0028, -1.30315e+06, -898140, -898140, -405010, -1.03314e+06, 0.67
-0.0029, -1.30053e+06, -890295, -890295, -410231, -1.02704e+06, 0.67
-0.003, -1.2979e+06, -882573, -882573, -415332, -1.02102e+06, 0.67
-0.0031, -1.29529e+06, -874971, -874971, -420318, -1.01508e+06, 0.67
-0.0032, -1.29268e+06, -867487, -867487, -425190, -1.00922e+06, 0.67
-0.0033, -1.29007e+06, -860119, -860119, -429951, -1.00344e+06, 0.67
-0.0034, -1.28747e+06, -852866, -852866, -434605, -997734, 0.67
-0.0035, -1.28488e+06, -845724, -845724, -439152, -992108, 0.67
-0.0036, -1.28229e+06, -838693, -838693, -443597, -986558, 0.67
-0.0037, -1.27971e+06, -831769, -831769, -447940, -981082, 0.67
-0.0038, -1.27714e+06, -824951, -824951, -452185, -975680, 0.67
-0.0039, -1.27457e+06, -818238, -818238, -456334, -970349, 0.67
-0.004, -1.27202e+06, -811626, -811626, -460389, -965089, 0.67
-0.0041, -1.26947e+06, -805115, -805115, -464352, -959899, 0.67
-0.0042, -1.26693e+06, -798702, -798702, -468226, -954778, 0.67
-0.0043, -1.2644e+06, -792387, -792387, -472012, -949724, 0.67
-0.0044, -1.26188e+06, -786166, -786166, -475713, -944737, 0.67
-0.0045, -1.25937e+06, -780039, -780039, -479330, -939815, 0.67
-0.0046, -1.25687e+06, -774003, -774003, -482865, -934958, 0.67
-0.0047, -1.25438e+06, -768057, -768057, -486321, -930164, 0.67
-0.0048, -1.2519e+06, -762200, -762200, -489699, -925433, 0.67
-0.0049, -1.24943e+06, -756429, -756429, -493001, -920763, 0.67
-0.005, -1.24697e+06, -750744, -750744, -496229, -916154, 0.67
-0.0051, -1.24453e+06, -745143, -745143, -499384, -911604, 0.67
-0.0052, -1.24209e+06, -739624, -739624, -502468, -907113, 0.67
-0.0053, -1.23967e+06, -734186, -734186, -505483, -902680, 0.67
-0.0054, -1.23726e+06, -728827, -728827, -508430, -898303, 0.67
-0.0055, -1.23486e+06, -723546, -723546, -511311, -893983, 0.67
-0.0056, -1.23247e+06, -718342, -718342, -514128, -889718, 0.67
-0.0057, -1.23009e+06, -713213, -713213, -516881, -885506, 0.67
-0.0058, -1.22773e+06, -708158, -708158, -519573, -881349, 0.67
-0.0059, -1.22538e+06, -703175, -703175, -522205, -877243, 0.67
-0.006, -1.22304e+06, -698264, -698264, -524778, -873190, 0.67
-0.0061, -1.22072e+06, -693423, -693423, -527293, -869188, 0.67
-0.0062, -1.2184e+06, -688651, -688651, -529752, -865235, 0.67
-0.0063, -1.2161e+06, -683947, -683947, -532156, -861332, 0.67
-0.0064, -1.21382e+06, -679309, -679309, -534507, -857478, 0.67
-0.0065, -1.21154e+06, -674737, -674737, -536805, -853672, 0.67
-0.0066, -1.20928e+06, -670228, -670228, -539051, -849912, 0.67
-0.0067, -1.20703e+06, -665783, -665783, -541248, -846199, 0.67
-0.0068, -1.2048e+06, -661400, -661400, -543396, -842532, 0.67
-0.0069, -1.20257e+06, -657078, -657078, -545496, -838910, 0.67
-0.007, -1.20037e+06, -652816, -652816, -547549, -835333, 0.67
-0.0071, -1.19817e+06, -648613, -648613, -549556, -831799, 0.67
-0.0072, -1.19599e+06, -644468, -644468, -551519, -828308, 0.67
-0.0073, -1.19382e+06, -640379, -640379, -553438, -824859, 0.67
-0.0074, -1.19166e+06, -636347, -636347, -555315, -821452, 0.67
-0.0075, -1.18952e+06, -632369, -632369, -557150, -818086, 0.67
-0.0076, -1.18739e+06, -628446, -628446, -558943, -814761, 0.67
-0.0077, -1.18527e+06, -624576, -624576, -560698, -811475, 0.67
-0.0078, -1.18317e+06, -620758, -620758, -562413, -808229, 0.67
-0.0079, -1.18108e+06, -616991, -616991, -564090, -805021, 0.67
-0.008, -1.179e+06, -613275, -613275, -565729, -801852, 0.67
-0.0081, -1.17694e+06, -609609, -609609, -567332, -798720, 0.67
-0.0082, -1.17489e+06, -605991, -605991, -568900, -795625, 0.67
-0.0083, -1.17285e+06, -602422, -602422, -570433, -792566, 0.67
-0.0084, -1.17083e+06, -598900, -598900, -571932, -789543, 0.67
-0.0085, -1.16882e+06, -595424, -595424, -573397, -786556, 0.67
-0.0086, -1.16682e+06, -591994, -591994, -574830, -783604, 0.67
-0.0087, -1.16484e+06, -588609, -588609, -576231, -780685, 0.67
-0.0088, -1.16287e+06, -585268, -585268, -577601, -777801, 0.67
-0.0089, -1.16091e+06, -581970, -581970, -578940, -774950, 0.67
-0.009, -1.15897e+06, -578715, -578715, -580250, -772132, 0.67
-0.0091, -1.15703e+06, -575503, -575503, -581530, -769346, 0.67
-0.0092, -1.15511e+06, -572332, -572332, -582782, -766592, 0.67
-0.0093, -1.15321e+06, -569201, -569201, -584006, -763870, 0.67
-0.0094, -1.15131e+06, -566111, -566111, -585203, -761178, 0.67
-0.0095, -1.14943e+06, -563060, -563060, -586373, -758518, 0.67
-0.0096, -1.14756e+06, -560048, -560048, -587517, -755887, 0.67
-0.0097, -1.14571e+06, -557074, -557074, -588635, -753286, 0.67
-0.0098, -1.14387e+06, -554137, -554137, -589728, -750714, 0.67
-0.0099, -1.14204e+06, -551238, -551238, -590797, -748170, 0.67
-0.01, -1.14022e+06, -548375, -548375, -591842, -745656, 0.67
-0.0101, -1.13841e+06, -545548, -545548, -592864, -743169, 0.67
-0.0102, -1.13662e+06, -542756, -542756, -593863, -740710, 0.67
-0.0103, -1.13484e+06, -539999, -539999, -594839, -738278, 0.67
-0.0104, -1.13307e+06, -537275, -537275, -595793, -735873, 0.67
-0.0105, -1.13131e+06, -534586, -534586, -596726, -733495, 0.67
-0.0106, -1.12957e+06, -531930, -531930, -597638, -731142, 0.67
-0.0107, -1.12784e+06, -529306, -529306, -598529, -728815, 0.67
-0.0108, -1.12611e+06, -526714, -526714, -599401, -726514, 0.67
-0.0109, -1.12441e+06, -524154, -524154, -600252, -724238, 0.67
-0.011, -1.12271e+06, -521625, -521625, -601084, -721986, 0.67
-0.0111, -1.12102e+06, -519126, -519126, -601898, -719759, 0.67
-0.0112, -1.11935e+06, -516658, -516658, -602693, -717555, 0.67
-0.0113, -1.11769e+06, -514219, -514219, -603470, -715376, 0.67
-0.0114, -1.11604e+06, -511810, -511810, -604229, -713219, 0.67
-0.0115, -1.1144e+06, -509429, -509429, -604970, -711086, 0.67
-0.0116, -1.11277e+06, -507077, -507077, -605695, -708975, 0.67
-0.0117, -1.11116e+06, -504753, -504753, -606404, -706887, 0.67
-0.0118, -1.10955e+06, -502456, -502456, -607096, -704821, 0.67
-0.0119, -1.10796e+06, -500186, -500186, -607772, -702777, 0.67
-0.012, -1.10638e+06, -497943, -497943, -608432, -700754, 0.67
-0.0121, -1.1048e+06, -495726, -495726, -609077, -698752, 0.67
-0.0122, -1.10324e+06, -493536, -493536, -609708, -696772, 0.67
-0.0123, -1.10169e+06, -491370, -491370, -610323, -694811, 0.67
-0.0124, -1.10015e+06, -489230, -489230, -610925, -692872, 0.67
-0.0125, -1.09863e+06, -487115, -487115, -611512, -690952, 0.67
-0.0126, -1.09711e+06, -485024, -485024, -612086, -689052, 0.67
-0.0127, -1.0956e+06, -482957, -482957, -612646, -687172, 0.67
-0.0128, -1.09411e+06, -480914, -480914, -613193, -685311, 0.67
-0.0129, -1.09262e+06, -478894, -478894, -613727, -683469, 0.67
-0.013, -1.09115e+06, -476897, -476897, -614248, -681646, 0.67
-0.0131, -1.08968e+06, -474923, -474923, -614757, -679842, 0.67
-0.0132, -1.08822e+06, -472971, -472971, -615254, -678056, 0.67
-0.0133, -1.08678e+06, -471041, -471041, -615739, -676288, 0.67
-0.0134, -1.08535e+06, -469133, -469133, -616212, -674537, 0.67
-0.0135, -1.08392e+06, -467247, -467247, -616674, -672805, 0.67
-0.0136, -1.08251e+06, -465381, -465381, -617125, -671089, 0.67
-0.0137, -1.0811e+06, -463536, -463536, -617565, -669391, 0.67
-0.0138, -1.07971e+06, -461712, -461712, -617994, -667710, 0.67
-0.0139, -1.07832e+06, -459908, -459908, -618412, -666046, 0.67
-0.014, -1.07694e+06, -458124, -458124, -618820, -664398, 0.67
-0.0141, -1.07558e+06, -456360, -456360, -619219, -662766, 0.67
-0.0142, -1.07422e+06, -454615, -454615, -619607, -661151, 0.67
-0.0143, -1.07287e+06, -452889, -452889, -619986, -659551, 0.67
-0.0144, -1.07154e+06, -451182, -451182, -620355, -657967, 0.67
-0.0145, -1.07021e+06, -449493, -449493, -620715, -656398, 0.67
-0.0146, -1.06889e+06, -447823, -447823, -621065, -654845, 0.67
-0.0147, -1.06758e+06, -446171, -446171, -621407, -653307, 0.67
-0.0148, -1.06628e+06, -444537, -444537, -621740, -651784, 0.67
-0.0149, -1.06499e+06, -442920, -442920, -622065, -650275, 0.67
-0.015, -1.0637e+06, -441321, -441321, -622381, -648781, 0.67
-0.0151, -1.06243e+06, -439739, -439739, -622688, -647302, 0.67
-0.0152, -1.06116e+06, -438174, -438174, -622988, -645836, 0.67
-0.0153, -1.0599e+06, -436625, -436625, -623280, -644385, 0.67
-0.0154, -1.05866e+06, -435093, -435093, -623564, -642947, 0.67
-0.0155, -1.05742e+06, -433577, -433577, -623841, -641523, 0.67
-0.0156, -1.05619e+06, -432077, -432077, -624110, -640113, 0.67
-0.0157, -1.05496e+06, -430592, -430592, -624371, -638716, 0.67
-0.0158, -1.05375e+06, -429123, -429123, -624626, -637332, 0.67
-0.0159, -1.05254e+06, -427670, -427670, -624873, -635961, 0.67
-0.016, -1.05135e+06, -426232, -426232, -625114, -634603, 0.67
-0.0161, -1.05016e+06, -424808, -424808, -625348, -633258, 0.67
-0.0162, -1.04897e+06, -423400, -423400, -625575, -631925, 0.67
-0.0163, -1.0478e+06, -422006, -422006, -625796, -630604, 0.67
-0.0164, -1.04664e+06, -420626, -420626, -626010, -629296, 0.67
-0.0165, -1.04548e+06, -419261, -419261, -626218, -628000, 0.67
-0.0166, -1.04433e+06, -417909, -417909, -626420, -626716, 0.67
-0.0167, -1.04319e+06, -416572, -416572, -626617, -625444, 0.67
-0.0168, -1.04205e+06, -415248, -415248, -626807, -624183, 0.67
-0.0169, -1.04093e+06, -413937, -413937, -626991, -622934, 0.67
-0.017, -1.03981e+06, -412640, -412640, -627170, -621696, 0.67
-0.0171, -1.0387e+06, -411355, -411355, -627343, -620470, 0.67
-0.0172, -1.0376e+06, -410084, -410084, -627511, -619254, 0.67
-0.0173, -1.0365e+06, -408826, -408826, -627673, -618050, 0.67
-0.0174, -1.03541e+06, -407580, -407580, -627831, -616857, 0.67
-0.0175, -1.03433e+06, -406346, -406346, -627983, -615674, 0.67
-0.0176, -1.03326e+06, -405125, -405125, -628130, -614502, 0.67
-0.0177, -1.03219e+06, -403916, -403916, -628272, -613340, 0.67
-0.0178, -1.03113e+06, -402719, -402719, -628409, -612189, 0.67
-0.0179, -1.03008e+06, -401534, -401534, -628542, -611048, 0.67
-0.018, -1.02903e+06, -400361, -400361, -628670, -609917, 0.67
-0.0181, -1.02799e+06, -399199, -399199, -628793, -608796, 0.67
-0.0182, -1.02696e+06, -398048, -398048, -628912, -607685, 0.67
-0.0183, -1.02594e+06, -396909, -396909, -629027, -606584, 0.67
-0.0184, -1.02492e+06, -395781, -395781, -629137, -605493, 0.67
-0.0185, -1.02391e+06, -394663, -394663, -629243, -604411, 0.67
-0.0186, -1.0229e+06, -393557, -393557, -629344, -603339, 0.67
-0.0187, -1.0219e+06, -392461, -392461, -629442, -602275, 0.67
-0.0188, -1.02091e+06, -391376, -391376, -629536, -601222, 0.67
-0.0189, -1.01993e+06, -390302, -390302, -629626, -600177, 0.67
-0.019, -1.01895e+06, -389237, -389237, -629712, -599141, 0.67
-0.0191, -1.01798e+06, -388183, -388183, -629794, -598115, 0.67
-0.0192, -1.01701e+06, -387139, -387139, -629873, -597097, 0.67
-0.0193, -1.01605e+06, -386105, -386105, -629948, -596088, 0.67
-0.0194, -1.0151e+06, -385081, -385081, -630019, -595087, 0.67
-0.0195, -1.01415e+06, -384066, -384066, -630087, -594095, 0.67
-0.0196, -1.01321e+06, -383061, -383061, -630151, -593112, 0.67
-0.0197, -1.01228e+06, -382066, -382066, -630213, -592137, 0.67
-0.0198, -1.01135e+06, -381080, -381080, -630270, -591170, 0.67
-0.0199, -1.01043e+06, -380103, -380103, -630325, -590211, 0.67
-0.02, -1.00951e+06, -379135, -379135, -630376, -589261, 0.67
-0.0201, -1.0086e+06, -378177, -378177, -630425, -588318, 0.67
-0.0202, -1.0077e+06, -377227, -377227, -630470, -587384, 0.67
-0.0203, -1.0068e+06, -376286, -376286, -630512, -586457, 0.67
-0.0204, -1.00591e+06, -375354, -375354, -630552, -585538, 0.67
-0.0205, -1.00502e+06, -374430, -374430, -630588, -584626, 0.67
-0.0206, -1.00414e+06, -373515, -373515, -630622, -583722, 0.67
-0.0207, -1.00326e+06, -372609, -372609, -630653, -582826, 0.67
-0.0208, -1.00239e+06, -371710, -371710, -630681, -581937, 0.67
-0.0209, -1.00153e+06, -370820, -370820, -630706, -581056, 0.67
-0.021, -1.00067e+06, -369938, -369938, -630729, -580181, 0.67
-0.0211, -999814, -369064, -369064, -630749, -579314, 0.67
-0.0212, -998965, -368198, -368198, -630767, -578454, 0.67
-0.0213, -998122, -367340, -367340, -630782, -577601, 0.67
-0.0214, -997285, -366490, -366490, -630795, -576755, 0.67
-0.0215, -996453, -365647, -365647, -630806, -575916, 0.67
-0.0216, -995626, -364812, -364812, -630814, -575083, 0.67
-0.0217, -994804, -363984, -363984, -630820, -574257, 0.67
-0.0218, -993987, -363164, -363164, -630823, -573438, 0.67
-0.0219, -993176, -362351, -362351, -630824, -572626, 0.67
-0.022, -992369, -361546, -361546, -630824, -571820, 0.67
-0.0221, -991568, -360747, -360747, -630821, -571021, 0.67
-0.0222, -990771, -359956, -359956, -630816, -570228, 0.67
-0.0223, -989980, -359171, -359171, -630809, -569441, 0.67
-0.0224, -989193, -358394, -358394, -630799, -568660, 0.67
-0.0225, -988412, -357623, -357623, -630788, -567886, 0.67
-0.0226, -987635, -356860, -356860, -630775, -567118, 0.67
-0.0227, -986863, -356102, -356102, -630760, -566356, 0.67
-0.0228, -986096, -355352, -355352, -630744, -565600, 0.67
-0.0229, -985333, -354608, -354608, -630725, -564850, 0.67
-0.023, -984575, -353871, -353871, -630705, -564105, 0.67
-0.0231, -983822, -353139, -353139, -630682, -563367, 0.67
-0.0232, -983073, -352415, -352415, -630658, -562634, 0.67
-0.0233, -982329, -351696, -351696, -630633, -561907, 0.67
-0.0234, -981590, -350984, -350984, -630606, -561186, 0.67
-0.0235, -980855, -350278, -350278, -630577, -560470, 0.67
-0.0236, -980124, -349578, -349578, -630546, -559760, 0.67
-0.0237, -979398, -348884, -348884, -630514, -559055, 0.67
-0.0238, -978676, -348196, -348196, -630480, -558356, 0.67
-0.0239, -977959, -347513, -347513, -630445, -557662, 0.67
-0.024, -977245, -346837, -346837, -630408, -556973, 0.67
-0.0241, -976537, -346166, -346166, -630370, -556290, 0.67
-0.0242, -975832, -345501, -345501, -630331, -555612, 0.67
-0.0243, -975132, -344842, -344842, -630290, -554938, 0.67
-0.0244, -974435, -344188, -344188, -630247, -554271, 0.67
-0.0245, -973743, -343540, -343540, -630204, -553608, 0.67
-0.0246, -973055, -342897, -342897, -630159, -552950, 0.67
-0.0247, -972372, -342259, -342259, -630112, -552297, 0.67
-0.0248, -971692, -341627, -341627, -630065, -551649, 0.67
-0.0249, -971016, -341000, -341000, -630016, -551006, 0.67
-0.025, -970344, -340379, -340379, -629966, -550367, 0.67
-0.0251, -969676, -339762, -339762, -629914, -549734, 0.67
-0.0252, -969012, -339151, -339151, -629862, -549105, 0.67
-0.0253, -968352, -338544, -338544, -629808, -548480, 0.67
-0.0254, -967696, -337943, -337943, -629753, -547861, 0.67
-0.0255, -967044, -337347, -337347, -629697, -547246, 0.67
-0.0256, -966395, -336755, -336755, -629640, -546635, 0.67
-0.0257, -965750, -336169, -336169, -629582, -546029, 0.67
-0.0258, -965109, -335587, -335587, -629523, -545428, 0.67
-0.0259, -964472, -335010, -335010, -629462, -544830, 0.67
-0.026, -963838, -334437, -334437, -629401, -544238, 0.67
-0.0261, -963208, -333870, -333870, -629339, -543649, 0.67
-0.0262, -962582, -333307, -333307, -629275, -543065, 0.67
-0.0263, -961959, -332748, -332748, -629211, -542485, 0.67
-0.0264, -961340, -332194, -332194, -629146, -541909, 0.67
-0.0265, -960724, -331644, -331644, -629080, -541338, 0.67
-0.0266, -960112, -331099, -331099, -629013, -540770, 0.67
-0.0267, -959503, -330558, -330558, -628945, -540207, 0.67
-0.0268, -958898, -330022, -330022, -628876, -539647, 0.67
-0.0269, -958296, -329490, -329490, -628806, -539092, 0.67
-0.027, -957697, -328962, -328962, -628736, -538540, 0.67
-0.0271, -957102, -328438, -328438, -628664, -537993, 0.67
-0.0272, -956510, -327919, -327919, -628592, -537449, 0.67
-0.0273, -955922, -327403, -327403, -628519, -536909, 0.67
-0.0274, -955337, -326892, -326892, -628445, -536373, 0.67
-0.0275, -954755, -326384, -326384, -628371, -535841, 0.67
-0.0276, -954176, -325881, -325881, -628295, -535313, 0.67
-0.0277, -953601, -325382, -325382, -628219, -534788, 0.67
-0.0278, -953029, -324886, -324886, -628142, -534267, 0.67
-0.0279, -952460, -324395, -324395, -628065, -533750, 0.67
-0.028, -951894, -323907, -323907, -627987, -533236, 0.67
-0.0281, -951331, -323423, -323423, -627908, -532725, 0.67
-0.0282, -950771, -322943, -322943, -627828, -532219, 0.67
-0.0283, -950214, -322466, -322466, -627748, -531716, 0.67
-0.0284, -949661, -321993, -321993, -627667, -531216, 0.67
-0.0285, -949110, -321524, -321524, -627586, -530720, 0.67
-0.0286, -948562, -321059, -321059, -627504, -530227, 0.67
-0.0287, -948018, -320597, -320597, -627421, -529737, 0.67
-0.0288, -947476, -320138, -320138, -627338, -529251, 0.67
-0.0289, -946937, -319684, -319684, -627254, -528768, 0.67
-0.029, -946401, -319232, -319232, -627169, -528289, 0.67
-0.0291, -945868, -318784, -318784, -627084, -527812, 0.67
-0.0292, -945338, -318340, -318340, -626998, -527339, 0.67
-0.0293, -944811, -317899, -317899, -626912, -526869, 0.67
-0.0294, -944286, -317461, -317461, -626826, -526403, 0.67
-0.0295, -943765, -317026, -317026, -626738, -525939, 0.67
-0.0296, -943246, -316595, -316595, -626651, -525479, 0.67
-0.0297, -942730, -316167, -316167, -626562, -525021, 0.67
-0.0298, -942216, -315742, -315742, -626474, -524567, 0.67
-0.0299, -941705, -315321, -315321, -626384, -524116, 0.67
-0.03, -941197, -314903, -314903, -626295, -523667, 0.67
-0.0301, -940692, -314487, -314487, -626205, -523222, 0.67
-0.0302, -940189, -314075, -314075, -626114, -522780, 0.67
-0.0303, -939689, -313666, -313666, -626023, -522340, 0.67
-0.0304, -939191, -313260, -313260, -625931, -521904, 0.67
-0.0305, -938697, -312857, -312857, -625840, -521470, 0.67
-0.0306, -938204, -312457, -312457, -625747, -521039, 0.67
-0.0307, -937714, -312060, -312060, -625654, -520611, 0.67
-0.0308, -937227, -311666, -311666, -625561, -520186, 0.67
-0.0309, -936742, -311275, -311275, -625468, -519764, 0.67
-0.031, -936260, -310886, -310886, -625374, -519344, 0.67
-0.0311, -935780, -310501, -310501, -625279, -518927, 0.67
-0.0312, -935303, -310118, -310118, -625185, -518513, 0.67
-0.0313, -934828, -309738, -309738, -625090, -518101, 0.67
-0.0314, -934355, -309361, -309361, -624994, -517692, 0.67
-0.0315, -933885, -308986, -308986, -624899, -517286, 0.67
-0.0316, -933417, -308615, -308615, -624802, -516882, 0.67
-0.0317, -932952, -308246, -308246, -624706, -516481, 0.67
-0.0318, -932489, -307879, -307879, -624609, -516082, 0.67
-0.0319, -932028, -307516, -307516, -624512, -515686, 0.67
-0.032, -931569, -307155, -307155, -624415, -515293, 0.67
-0.0321, -931113, -306796, -306796, -624317, -514902, 0.67
-0.0322, -930659, -306440, -306440, -624219, -514513, 0.67
-0.0323, -930208, -306087, -306087, -624121, -514127, 0.67
-0.0324, -929758, -305736, -305736, -624022, -513743, 0.67
-0.0325, -929311, -305388, -305388, -623923, -513362, 0.67
-0.0326, -928866, -305042, -305042, -623824, -512983, 0.67
-0.0327, -928423, -304698, -304698, -623725, -512607, 0.67
-0.0328, -927982, -304357, -304357, -623625, -512232, 0.67
-0.0329, -927544, -304019, -304019, -623525, -511861, 0.67
-0.033, -927107, -303683, -303683, -623425, -511491, 0.67
-0.0331, -926673, -303349, -303349, -623324, -511124, 0.67
-0.0332, -926241, -303017, -303017, -623224, -510759, 0.67
-0.0333, -925811, -302688, -302688, -623123, -510396, 0.67
-0.0334, -925383, -302361, -302361, -623022, -510035, 0.67
-0.0335, -924957, -302037, -302037, -622920, -509677, 0.67
-0.0336, -924533, -301715, -301715, -622818, -509321, 0.67
-0.0337, -924111, -301395, -301395, -622717, -508967, 0.67
-0.0338, -923691, -301077, -301077, -622615, -508615, 0.67
-0.0339, -923273, -300761, -300761, -622512, -508265, 0.67
-0.034, -922858, -300448, -300448, -622410, -507918, 0.67
-0.0341, -922444, -300136, -300136, -622307, -507572, 0.67
-0.0342, -922032, -299827, -299827, -622204, -507229, 0.67
-0.0343, -921622, -299520, -299520, -622101, -506887, 0.67
-0.0344, -921213, -299215, -299215, -621998, -506548, 0.67
-0.0345, -920807, -298913, -298913, -621895, -506211, 0.67
-0.0346, -920403, -298612, -298612, -621791, -505876, 0.67
-0.0347, -920000, -298313, -298313, -621687, -505542, 0.67
-0.0348, -919600, -298016, -298016, -621583, -505211, 0.67
-0.0349, -919201, -297722, -297722, -621479, -504882, 0.67
-0.035, -918804, -297429, -297429, -621375, -504554, 0.67
-0.0351, -918409, -297139, -297139, -621271, -504229, 0.67
-0.0352, -918016, -296850, -296850, -621166, -503905, 0.67
-0.0353, -917624, -296563, -296563, -621061, -503584, 0.67
-0.0354, -917235, -296278, -296278, -620957, -503264, 0.67
-0.0355, -916847, -295995, -295995, -620852, -502946, 0.67
-0.0356, -916461, -295714, -295714, -620746, -502630, 0.67
-0.0357, -916076, -295435, -295435, -620641, -502316, 0.67
-0.0358, -915694, -295158, -295158, -620536, -502003, 0.67
-0.0359, -915313, -294882, -294882, -620430, -501692, 0.67
-0.036, -914933, -294609, -294609, -620325, -501384, 0.67
-0.0361, -914556, -294337, -294337, -620219, -501077, 0.67
-0.0362, -914180, -294067, -294067, -620113, -500771, 0.67
-0.0363, -913806, -293799, -293799, -620007, -500468, 0.67
-0.0364, -913433, -293532, -293532, -619901, -500166, 0.67
-0.0365, -913062, -293268, -293268, -619795, -499866, 0.67
-0.0366, -912693, -293005, -293005, -619688, -499567, 0.67
-0.0367, -912325, -292743, -292743, -619582, -499271, 0.67
-0.0368, -911959, -292484, -292484, -619475, -498976, 0.67
-0.0369, -911595, -292226, -292226, -619369, -498682, 0.67
-0.037, -911232, -291970, -291970, -619262, -498391, 0.67
-0.0371, -910871, -291715, -291715, -619155, -498101, 0.67
-0.0372, -910511, -291463, -291463, -619048, -497812, 0.67
-0.0373, -910153, -291211, -291211, -618941, -497525, 0.67
-0.0374, -909796, -290962, -290962, -618834, -497240, 0.67
-0.0375, -909441, -290714, -290714, -618727, -496956, 0.67
-0.0376, -909087, -290468, -290468, -618620, -496674, 0.67
-0.0377, -908735, -290223, -290223, -618513, -496394, 0.67
-0.0378, -908385, -289979, -289979, -618405, -496115, 0.67
-0.0379, -908036, -289738, -289738, -618298, -495837, 0.67
-0.038, -907688, -289498, -289498, -618190, -495561, 0.67
-0.0381, -907342, -289259, -289259, -618083, -495287, 0.67
-0.0382, -906997, -289022, -289022, -617975, -495014, 0.67
-0.0383, -906654, -288786, -288786, -617867, -494742, 0.67
-0.0384, -906312, -288552, -288552, -617760, -494472, 0.67
-0.0385, -905971, -288320, -288320, -617652, -494204, 0.67
-0.0386, -905632, -288088, -288088, -617544, -493936, 0.67
-0.0387, -905295, -287859, -287859, -617436, -493671, 0.67
-0.0388, -904958, -287631, -287631, -617328, -493407, 0.67
-0.0389, -904624, -287404, -287404, -617220, -493144, 0.67
-0.039, -904290, -287178, -287178, -617112, -492882, 0.67
-0.0391, -903958, -286954, -286954, -617004, -492622, 0.67
-0.0392, -903627, -286732, -286732, -616896, -492364, 0.67
-0.0393, -903298, -286510, -286510, -616787, -492106, 0.67
-0.0394, -902970, -286291, -286291, -616679, -491850, 0.67
-0.0395, -902643, -286072, -286072, -616571, -491596, 0.67
-0.0396, -902317, -285855, -285855, -616463, -491342, 0.67
-0.0397, -901993, -285639, -285639, -616354, -491090, 0.67
-0.0398, -901670, -285425, -285425, -616246, -490840, 0.67
-0.0399, -901349, -285211, -285211, -616137, -490591, 0.67
-0.04, -901028, -284999, -284999, -616029, -490342, 0.67
-0.0401, -900709, -284789, -284789, -615921, -490096, 0.67
-0.0402, -900392, -284580, -284580, -615812, -489850, 0.67
-0.0403, -900075, -284372, -284372, -615703, -489606, 0.67
-0.0404, -899760, -284165, -284165, -615595, -489363, 0.67
-0.0405, -899446, -283959, -283959, -615486, -489121, 0.67
-0.0406, -899133, -283755, -283755, -615378, -488881, 0.67
-0.0407, -898821, -283552, -283552, -615269, -488642, 0.67
-0.0408, -898511, -283350, -283350, -615161, -488404, 0.67
-0.0409, -898201, -283149, -283149, -615052, -488167, 0.67
-0.041, -897893, -282950, -282950, -614943, -487931, 0.67
-0.0411, -897587, -282752, -282752, -614835, -487697, 0.67
-0.0412, -897281, -282555, -282555, -614726, -487463, 0.67
-0.0413, -896976, -282359, -282359, -614617, -487231, 0.67
-0.0414, -896673, -282164, -282164, -614509, -487000, 0.67
-0.0415, -896371, -281971, -281971, -614400, -486771, 0.67
-0.0416, -896070, -281778, -281778, -614291, -486542, 0.67
-0.0417, -895770, -281587, -281587, -614183, -486315, 0.67
-0.0418, -895471, -281397, -281397, -614074, -486088, 0.67
-0.0419, -895173, -281208, -281208, -613965, -485863, 0.67
-0.042, -894876, -281020, -281020, -613856, -485639, 0.67
-0.0421, -894581, -280833, -280833, -613748, -485416, 0.67
-0.0422, -894286, -280647, -280647, -613639, -485194, 0.67
-0.0423, -893993, -280463, -280463, -613530, -484973, 0.67
-0.0424, -893701, -280279, -280279, -613422, -484753, 0.67
-0.0425, -893409, -280097, -280097, -613313, -484534, 0.67
-0.0426, -893119, -279915, -279915, -613204, -484316, 0.67
-0.0427, -892830, -279735, -279735, -613096, -484100, 0.67
-0.0428, -892542, -279555, -279555, -612987, -483884, 0.67
-0.0429, -892255, -279377, -279377, -612878, -483670, 0.67
-0.043, -891969, -279200, -279200, -612770, -483456, 0.67
-0.0431, -891684, -279023, -279023, -612661, -483244, 0.67
-0.0432, -891400, -278848, -278848, -612552, -483032, 0.67
-0.0433, -891117, -278674, -278674, -612444, -482821, 0.67
-0.0434, -890835, -278500, -278500, -612335, -482612, 0.67
-0.0435, -890554, -278328, -278328, -612226, -482403, 0.67
-0.0436, -890274, -278156, -278156, -612118, -482196, 0.67
-0.0437, -889995, -277986, -277986, -612009, -481989, 0.67
-0.0438, -889717, -277817, -277817, -611901, -481784, 0.67
-0.0439, -889440, -277648, -277648, -611792, -481579, 0.67
-0.044, -889164, -277481, -277481, -611684, -481375, 0.67
-0.0441, -888889, -277314, -277314, -611575, -481172, 0.67
-0.0442, -888615, -277148, -277148, -611467, -480970, 0.67
-0.0443, -888342, -276983, -276983, -611358, -480770, 0.67
-0.0444, -888069, -276820, -276820, -611250, -480570, 0.67
-0.0445, -887798, -276657, -276657, -611141, -480370, 0.67
-0.0446, -887528, -276495, -276495, -611033, -480172, 0.67
-0.0447, -887258, -276333, -276333, -610925, -479975, 0.67
-0.0448, -886990, -276173, -276173, -610816, -479779, 0.67
-0.0449, -886722, -276014, -276014, -610708, -479583, 0.67
-0.045, -886455, -275855, -275855, -610600, -479389, 0.67
-0.0451, -886189, -275698, -275698, -610491, -479195, 0.67
-0.0452, -885924, -275541, -275541, -610383, -479002, 0.67
-0.0453, -885660, -275385, -275385, -610275, -478810, 0.67
-0.0454, -885397, -275230, -275230, -610167, -478619, 0.67
-0.0455, -885134, -275075, -275075, -610059, -478428, 0.67
-0.0456, -884873, -274922, -274922, -609951, -478239, 0.67
-0.0457, -884612, -274769, -274769, -609843, -478050, 0.67
-0.0458, -884352, -274618, -274618, -609734, -477862, 0.67
-0.0459, -884093, -274467, -274467, -609626, -477675, 0.67
-0.046, -883835, -274316, -274316, -609518, -477489, 0.67
-0.0461, -883578, -274167, -274167, -609410, -477304, 0.67
-0.0462, -883321, -274019, -274019, -609303, -477119, 0.67
-0.0463, -883065, -273871, -273871, -609195, -476936, 0.67
-0.0464, -882810, -273724, -273724, -609087, -476753, 0.67
-0.0465, -882556, -273577, -273577, -608979, -476570, 0.67
-0.0466, -882303, -273432, -273432, -608871, -476389, 0.67
-0.0467, -882051, -273287, -273287, -608763, -476208, 0.67
-0.0468, -881799, -273143, -273143, -608656, -476029, 0.67
-0.0469, -881548, -273000, -273000, -608548, -475849, 0.67
-0.047, -881298, -272858, -272858, -608440, -475671, 0.67
-0.0471, -881049, -272716, -272716, -608333, -475494, 0.67
-0.0472, -880800, -272575, -272575, -608225, -475317, 0.67
-0.0473, -880552, -272435, -272435, -608118, -475141, 0.67
-0.0474, -880305, -272295, -272295, -608010, -474965, 0.67
-0.0475, -880059, -272157, -272157, -607903, -474791, 0.67
-0.0476, -879814, -272018, -272018, -607795, -474617, 0.67
-0.0477, -879569, -271881, -271881, -607688, -474444, 0.67
-0.0478, -879325, -271744, -271744, -607580, -474271, 0.67
-0.0479, -879081, -271608, -271608, -607473, -474099, 0.67
-0.048, -878839, -271473, -271473, -607366, -473928, 0.67
-0.0481, -878597, -271338, -271338, -607259, -473758, 0.67
-0.0482, -878356, -271205, -271205, -607151, -473588, 0.67
-0.0483, -878116, -271071, -271071, -607044, -473419, 0.67
-0.0484, -877876, -270939, -270939, -606937, -473251, 0.67
-0.0485, -877637, -270807, -270807, -606830, -473084, 0.67
-0.0486, -877399, -270676, -270676, -606723, -472917, 0.67
-0.0487, -877161, -270545, -270545, -606616, -472750, 0.67
-0.0488, -876924, -270415, -270415, -606509, -472585, 0.67
-0.0489, -876688, -270286, -270286, -606402, -472420, 0.67
-0.049, -876453, -270157, -270157, -606295, -472256, 0.67
-0.0491, -876218, -270029, -270029, -606189, -472092, 0.67
-0.0492, -875984, -269902, -269902, -606082, -471929, 0.67
-0.0493, -875750, -269775, -269775, -605975, -471767, 0.67
-0.0494, -875517, -269649, -269649, -605869, -471605, 0.67
-0.0495, -875285, -269523, -269523, -605762, -471444, 0.67
-0.0496, -875054, -269398, -269398, -605655, -471283, 0.67
-0.0497, -874823, -269274, -269274, -605549, -471124, 0.67
-0.0498, -874593, -269150, -269150, -605442, -470964, 0.67
-0.0499, -874363, -269027, -269027, -605336, -470806, 0.67
-0.05, -874134, -268905, -268905, -605230, -470648, 0.67
-0.0501, -873906, -268783, -268783, -605123, -470490, 0.67
-0.0502, -873678, -268661, -268661, -605017, -470334, 0.67
-0.0503, -873451, -268541, -268541, -604911, -470177, 0.67
-0.0504, -873225, -268420, -268420, -604805, -470022, 0.67
-0.0505, -872999, -268301, -268301, -604698, -469867, 0.67
-0.0506, -872774, -268182, -268182, -604592, -469713, 0.67
-0.0507, -872550, -268063, -268063, -604486, -469559, 0.67
-0.0508, -872326, -267945, -267945, -604380, -469405, 0.67
-0.0509, -872102, -267828, -267828, -604274, -469253, 0.67
-0.051, -871880, -267711, -267711, -604168, -469101, 0.67
-0.0511, -871657, -267595, -267595, -604063, -468949, 0.67
-0.0512, -871436, -267479, -267479, -603957, -468798, 0.67
-0.0513, -871215, -267364, -267364, -603851, -468648, 0.67
-0.0514, -870995, -267249, -267249, -603745, -468498, 0.67
-0.0515, -870775, -267135, -267135, -603640, -468348, 0.67
-0.0516, -870556, -267022, -267022, -603534, -468200, 0.67
-0.0517, -870337, -266908, -266908, -603429, -468051, 0.67
-0.0518, -870119, -266796, -266796, -603323, -467904, 0.67
-0.0519, -869901, -266684, -266684, -603218, -467756, 0.67
-0.052, -869685, -266572, -266572, -603112, -467610, 0.67
-0.0521, -869468, -266461, -266461, -603007, -467464, 0.67
-0.0522, -869252, -266351, -266351, -602902, -467318, 0.67
-0.0523, -869037, -266241, -266241, -602796, -467173, 0.67
-0.0524, -868822, -266131, -266131, -602691, -467028, 0.67
-0.0525, -868608, -266022, -266022, -602586, -466884, 0.67
-0.0526, -868395, -265914, -265914, -602481, -466741, 0.67
-0.0527, -868181, -265806, -265806, -602376, -466598, 0.67
-0.0528, -867969, -265698, -265698, -602271, -466455, 0.67
-0.0529, -867757, -265591, -265591, -602166, -466313, 0.67
-0.053, -867545, -265484, -265484, -602061, -466171, 0.67
-0.0531, -867334, -265378, -265378, -601956, -466030, 0.67
-0.0532, -867124, -265273, -265273, -601851, -465890, 0.67
-0.0533, -866914, -265167, -265167, -601747, -465750, 0.67
-0.0534, -866705, -265063, -265063, -601642, -465610, 0.67
-0.0535, -866496, -264958, -264958, -601537, -465471, 0.67
-0.0536, -866287, -264855, -264855, -601433, -465332, 0.67
-0.0537, -866079, -264751, -264751, -601328, -465194, 0.67
-0.0538, -865872, -264648, -264648, -601224, -465056, 0.67
-0.0539, -865665, -264546, -264546, -601119, -464919, 0.67
-0.054, -865459, -264444, -264444, -601015, -464782, 0.67
-0.0541, -865253, -264342, -264342, -600911, -464646, 0.67
-0.0542, -865047, -264241, -264241, -600806, -464510, 0.67
-0.0543, -864842, -264140, -264140, -600702, -464374, 0.67
-0.0544, -864638, -264040, -264040, -600598, -464239, 0.67
-0.0545, -864434, -263940, -263940, -600494, -464105, 0.67
-0.0546, -864230, -263840, -263840, -600390, -463970, 0.67
-0.0547, -864027, -263741, -263741, -600286, -463837, 0.67
-0.0548, -863825, -263643, -263643, -600182, -463704, 0.67
-0.0549, -863623, -263545, -263545, -600078, -463571, 0.67
-0.055, -863421, -263447, -263447, -599974, -463438, 0.67
-0.0551, -863220, -263349, -263349, -599871, -463306, 0.67
-0.0552, -863019, -263252, -263252, -599767, -463175, 0.67
-0.0553, -862819, -263156, -263156, -599663, -463044, 0.67
-0.0554, -862619, -263060, -263060, -599560, -462913, 0.67
-0.0555, -862420, -262964, -262964, -599456, -462783, 0.67
-0.0556, -862221, -262868, -262868, -599353, -462653, 0.67
-0.0557, -862023, -262773, -262773, -599249, -462523, 0.67
-0.0558, -861825, -262679, -262679, -599146, -462394, 0.67
-0.0559, -861627, -262585, -262585, -599042, -462265, 0.67
-0.056, -861430, -262491, -262491, -598939, -462137, 0.67
-0.0561, -861233, -262397, -262397, -598836, -462009, 0.67
-0.0562, -861037, -262304, -262304, -598733, -461882, 0.67
-0.0563, -860841, -262211, -262211, -598630, -461755, 0.67
-0.0564, -860646, -262119, -262119, -598527, -461628, 0.67
-0.0565, -860451, -262027, -262027, -598424, -461502, 0.67
-0.0566, -860256, -261935, -261935, -598321, -461376, 0.67
-0.0567, -860062, -261844, -261844, -598218, -461250, 0.67
-0.0568, -859868, -261753, -261753, -598115, -461125, 0.67
-0.0569, -859675, -261663, -261663, -598012, -461000, 0.67
-0.057, -859482, -261573, -261573, -597909, -460876, 0.67
-0.0571, -859289, -261483, -261483, -597807, -460752, 0.67
-0.0572, -859097, -261393, -261393, -597704, -460628, 0.67
-0.0573, -858906, -261304, -261304, -597601, -460505, 0.67
-0.0574, -858714, -261215, -261215, -597499, -460382, 0.67
-0.0575, -858523, -261127, -261127, -597396, -460259, 0.67
-0.0576, -858333, -261039, -261039, -597294, -460137, 0.67
-0.0577, -858143, -260951, -260951, -597192, -460015, 0.67
-0.0578, -857953, -260864, -260864, -597089, -459894, 0.67
-0.0579, -857764, -260777, -260777, -596987, -459772, 0.67
-0.058, -857575, -260690, -260690, -596885, -459652, 0.67
-0.0581, -857386, -260603, -260603, -596783, -459531, 0.67
-0.0582, -857198, -260517, -260517, -596681, -459411, 0.67
-0.0583, -857010, -260432, -260432, -596579, -459291, 0.67
-0.0584, -856823, -260346, -260346, -596477, -459172, 0.67
-0.0585, -856636, -260261, -260261, -596375, -459053, 0.67
-0.0586, -856449, -260176, -260176, -596273, -458934, 0.67
-0.0587, -856263, -260092, -260092, -596171, -458815, 0.67
-0.0588, -856077, -260008, -260008, -596069, -458697, 0.67
-0.0589, -855891, -259924, -259924, -595968, -458580, 0.67
-0.059, -855706, -259840, -259840, -595866, -458462, 0.67
-0.0591, -855521, -259757, -259757, -595765, -458345, 0.67
-0.0592, -855337, -259674, -259674, -595663, -458228, 0.67
-0.0593, -855153, -259591, -259591, -595562, -458112, 0.67
-0.0594, -854969, -259509, -259509, -595460, -457996, 0.67
-0.0595, -854786, -259427, -259427, -595359, -457880, 0.67
-0.0596, -854603, -259345, -259345, -595257, -457764, 0.67
-0.0597, -854420, -259264, -259264, -595156, -457649, 0.67
-0.0598, -854237, -259182, -259182, -595055, -457534, 0.67
-0.0599, -854055, -259102, -259102, -594954, -457420, 0.67
-0.06, -853874, -259021, -259021, -594853, -457305, 0.67
-0.0601, -853692, -258941, -258941, -594752, -457191, 0.67
-0.0602, -853511, -258861, -258861, -594651, -457078, 0.67
-0.0603, -853331, -258781, -258781, -594550, -456964, 0.67
-0.0604, -853150, -258701, -258701, -594449, -456851, 0.67
-0.0605, -852970, -258622, -258622, -594348, -456738, 0.67
-0.0606, -852791, -258543, -258543, -594247, -456626, 0.67
-0.0607, -852611, -258465, -258465, -594147, -456514, 0.67
-0.0608, -852432, -258386, -258386, -594046, -456402, 0.67
-0.0609, -852254, -258308, -258308, -593945, -456290, 0.67
-0.061, -852075, -258230, -258230, -593845, -456179, 0.67
-0.0611, -851897, -258153, -258153, -593744, -456068, 0.67
-0.0612, -851720, -258076, -258076, -593644, -455957, 0.67
-0.0613, -851542, -257999, -257999, -593544, -455846, 0.67
-0.0614, -851365, -257922, -257922, -593443, -455736, 0.67
-0.0615, -851188, -257845, -257845, -593343, -455626, 0.67
-0.0616, -851012, -257769, -257769, -593243, -455517, 0.67
-0.0617, -850836, -257693, -257693, -593143, -455407, 0.67
-0.0618, -850660, -257617, -257617, -593043, -455298, 0.67
-0.0619, -850484, -257542, -257542, -592943, -455189, 0.67
-0.062, -850309, -257467, -257467, -592843, -455081, 0.67
-0.0621, -850134, -257392, -257392, -592743, -454973, 0.67
-0.0622, -849960, -257317, -257317, -592643, -454865, 0.67
-0.0623, -849785, -257242, -257242, -592543, -454757, 0.67
-0.0624, -849611, -257168, -257168, -592443, -454649, 0.67
-0.0625, -849438, -257094, -257094, -592343, -454542, 0.67
-0.0626, -849264, -257020, -257020, -592244, -454435, 0.67
-0.0627, -849091, -256947, -256947, -592144, -454328, 0.67
-0.0628, -848918, -256874, -256874, -592045, -454222, 0.67
-0.0629, -848746, -256801, -256801, -591945, -454116, 0.67
-0.063, -848573, -256728, -256728, -591846, -454010, 0.67
-0.0631, -848402, -256655, -256655, -591746, -453904, 0.67
-0.0632, -848230, -256583, -256583, -591647, -453799, 0.67
-0.0633, -848058, -256511, -256511, -591548, -453693, 0.67
-0.0634, -847887, -256439, -256439, -591448, -453588, 0.67
-0.0635, -847716, -256367, -256367, -591349, -453484, 0.67
-0.0636, -847546, -256296, -256296, -591250, -453379, 0.67
-0.0637, -847376, -256225, -256225, -591151, -453275, 0.67
-0.0638, -847206, -256154, -256154, -591052, -453171, 0.67
-0.0639, -847036, -256083, -256083, -590953, -453067, 0.67
-0.064, -846866, -256012, -256012, -590854, -452964, 0.67
-0.0641, -846697, -255942, -255942, -590755, -452860, 0.67
-0.0642, -846528, -255872, -255872, -590656, -452757, 0.67
-0.0643, -846360, -255802, -255802, -590558, -452655, 0.67
-0.0644, -846191, -255732, -255732, -590459, -452552, 0.67
-0.0645, -846023, -255663, -255663, -590360, -452450, 0.67
-0.0646, -845855, -255593, -255593, -590262, -452347, 0.67
-0.0647, -845688, -255524, -255524, -590163, -452246, 0.67
-0.0648, -845520, -255456, -255456, -590065, -452144, 0.67
-0.0649, -845353, -255387, -255387, -589966, -452042, 0.67
-0.065, -845187, -255318, -255318, -589868, -451941, 0.67
-0.0651, -845020, -255250, -255250, -589770, -451840, 0.67
-0.0652, -844854, -255182, -255182, -589671, -451739, 0.67
-0.0653, -844688, -255114, -255114, -589573, -451639, 0.67
-0.0654, -844522, -255047, -255047, -589475, -451538, 0.67
-0.0655, -844356, -254979, -254979, -589377, -451438, 0.67
-0.0656, -844191, -254912, -254912, -589279, -451338, 0.67
-0.0657, -844026, -254845, -254845, -589181, -451239, 0.67
-0.0658, -843861, -254778, -254778, -589083, -451139, 0.67
-0.0659, -843697, -254712, -254712, -588985, -451040, 0.67
-0.066, -843532, -254645, -254645, -588887, -450941, 0.67
-0.0661, -843368, -254579, -254579, -588790, -450842, 0.67
-0.0662, -843204, -254513, -254513, -588692, -450743, 0.67
-0.0663, -843041, -254447, -254447, -588594, -450645, 0.67
-0.0664, -842878, -254381, -254381, -588496, -450547, 0.67
-0.0665, -842714, -254316, -254316, -588399, -450449, 0.67
-0.0666, -842552, -254250, -254250, -588301, -450351, 0.67
-0.0667, -842389, -254185, -254185, -588204, -450253, 0.67
-0.0668, -842227, -254120, -254120, -588107, -450156, 0.67
-0.0669, -842064, -254055, -254055, -588009, -450058, 0.67
-0.067, -841903, -253991, -253991, -587912, -449961, 0.67
-0.0671, -841741, -253926, -253926, -587815, -449864, 0.67
-0.0672, -841579, -253862, -253862, -587717, -449768, 0.67
-0.0673, -841418, -253798, -253798, -587620, -449671, 0.67
-0.0674, -841257, -253734, -253734, -587523, -449575, 0.67
-0.0675, -841096, -253670, -253670, -587426, -449479, 0.67
-0.0676, -840936, -253607, -253607, -587329, -449383, 0.67
-0.0677, -840776, -253543, -253543, -587232, -449287, 0.67
-0.0678, -840615, -253480, -253480, -587135, -449192, 0.67
-0.0679, -840456, -253417, -253417, -587038, -449097, 0.67
-0.068, -840296, -253354, -253354, -586942, -449001, 0.67
-0.0681, -840136, -253291, -253291, -586845, -448906, 0.67
-0.0682, -839977, -253229, -253229, -586748, -448812, 0.67
-0.0683, -839818, -253166, -253166, -586652, -448717, 0.67
-0.0684, -839659, -253104, -253104, -586555, -448623, 0.67
-0.0685, -839501, -253042, -253042, -586459, -448528, 0.67
-0.0686, -839342, -252980, -252980, -586362, -448434, 0.67
-0.0687, -839184, -252919, -252919, -586266, -448340, 0.67
-0.0688, -839026, -252857, -252857, -586169, -448247, 0.67
-0.0689, -838869, -252796, -252796, -586073, -448153, 0.67
-0.069, -838711, -252734, -252734, -585977, -448060, 0.67
-0.0691, -838554, -252673, -252673, -585881, -447967, 0.67
-0.0692, -838397, -252612, -252612, -585784, -447874, 0.67
-0.0693, -838240, -252551, -252551, -585688, -447781, 0.67
-0.0694, -838083, -252491, -252491, -585592, -447688, 0.67
-0.0695, -837927, -252430, -252430, -585496, -447596, 0.67
-0.0696, -837770, -252370, -252370, -585400, -447503, 0.67
-0.0697, -837614, -252310, -252310, -585304, -447411, 0.67
-0.0698, -837458, -252250, -252250, -585209, -447319, 0.67
-0.0699, -837303, -252190, -252190, -585113, -447227, 0.67
-0.07, -837147, -252130, -252130, -585017, -447136, 0.67
-0.0701, -836992, -252071, -252071, -584921, -447044, 0.67
-0.0702, -836837, -252011, -252011, -584826, -446953, 0.67
-0.0703, -836682, -251952, -251952, -584730, -446862, 0.67
-0.0704, -836527, -251893, -251893, -584635, -446771, 0.67
-0.0705, -836373, -251834, -251834, -584539, -446680, 0.67
-0.0706, -836218, -251775, -251775, -584444, -446589, 0.67
-0.0707, -836064, -251716, -251716, -584348, -446499, 0.67
-0.0708, -835910, -251657, -251657, -584253, -446408, 0.67
-0.0709, -835757, -251599, -251599, -584158, -446318, 0.67
-0.071, -835603, -251541, -251541, -584062, -446228, 0.67
-0.0711, -835450, -251482, -251482, -583967, -446138, 0.67
-0.0712, -835297, -251424, -251424, -583872, -446048, 0.67
-0.0713, -835144, -251367, -251367, -583777, -445959, 0.67
-0.0714, -834991, -251309, -251309, -583682, -445869, 0.67
-0.0715, -834838, -251251, -251251, -583587, -445780, 0.67
-0.0716, -834686, -251194, -251194, -583492, -445691, 0.67
-0.0717, -834534, -251136, -251136, -583397, -445602, 0.67
-0.0718, -834381, -251079, -251079, -583302, -445513, 0.67
-0.0719, -834230, -251022, -251022, -583208, -445424, 0.67
-0.072, -834078, -250965, -250965, -583113, -445336, 0.67
-0.0721, -833926, -250908, -250908, -583018, -445248, 0.67
-0.0722, -833775, -250851, -250851, -582924, -445159, 0.67
-0.0723, -833624, -250795, -250795, -582829, -445071, 0.67
-0.0724, -833473, -250738, -250738, -582735, -444983, 0.67
-0.0725, -833322, -250682, -250682, -582640, -444895, 0.67
-0.0726, -833171, -250626, -250626, -582546, -444808, 0.67
-0.0727, -833021, -250570, -250570, -582451, -444720, 0.67
-0.0728, -832871, -250514, -250514, -582357, -444633, 0.67
-0.0729, -832721, -250458, -250458, -582263, -444545, 0.67
-0.073, -832571, -250402, -250402, -582169, -444458, 0.67
-0.0731, -832421, -250347, -250347, -582074, -444371, 0.67
-0.0732, -832271, -250291, -250291, -581980, -444285, 0.67
-0.0733, -832122, -250236, -250236, -581886, -444198, 0.67
-0.0734, -831973, -250181, -250181, -581792, -444111, 0.67
-0.0735, -831824, -250125, -250125, -581698, -444025, 0.67
-0.0736, -831675, -250070, -250070, -581604, -443938, 0.67
-0.0737, -831526, -250016, -250016, -581510, -443852, 0.67
-0.0738, -831377, -249961, -249961, -581417, -443766, 0.67
-0.0739, -831229, -249906, -249906, -581323, -443680, 0.67
-0.074, -831081, -249852, -249852, -581229, -443595, 0.67
-0.0741, -830933, -249797, -249797, -581135, -443509, 0.67
-0.0742, -830785, -249743, -249743, -581042, -443423, 0.67
-0.0743, -830637, -249689, -249689, -580948, -443338, 0.67
-0.0744, -830489, -249635, -249635, -580855, -443253, 0.67
-0.0745, -830342, -249581, -249581, -580761, -443168, 0.67
-0.0746, -830195, -249527, -249527, -580668, -443083, 0.67
-0.0747, -830048, -249473, -249473, -580575, -442998, 0.67
-0.0748, -829901, -249419, -249419, -580481, -442913, 0.67
-0.0749, -829754, -249366, -249366, -580388, -442828, 0.67
-0.075, -829607, -249312, -249312, -580295, -442744, 0.67
-0.0751, -829461, -249259, -249259, -580202, -442660, 0.67
-0.0752, -829314, -249206, -249206, -580108, -442575, 0.67
-0.0753, -829168, -249153, -249153, -580015, -442491, 0.67
-0.0754, -829022, -249100, -249100, -579922, -442407, 0.67
-0.0755, -828876, -249047, -249047, -579829, -442323, 0.67
-0.0756, -828731, -248994, -248994, -579736, -442240, 0.67
-0.0757, -828585, -248941, -248941, -579644, -442156, 0.67
-0.0758, -828440, -248889, -248889, -579551, -442072, 0.67
-0.0759, -828294, -248836, -248836, -579458, -441989, 0.67
-0.076, -828149, -248784, -248784, -579365, -441906, 0.67
-0.0761, -828004, -248732, -248732, -579273, -441823, 0.67
-0.0762, -827860, -248680, -248680, -579180, -441740, 0.67
-0.0763, -827715, -248628, -248628, -579087, -441657, 0.67
-0.0764, -827570, -248576, -248576, -578995, -441574, 0.67
-0.0765, -827426, -248524, -248524, -578902, -441491, 0.67
-0.0766, -827282, -248472, -248472, -578810, -441409, 0.67
-0.0767, -827138, -248420, -248420, -578717, -441326, 0.67
-0.0768, -826994, -248369, -248369, -578625, -441244, 0.67
-0.0769, -826850, -248317, -248317, -578533, -441161, 0.67
-0.077, -826706, -248266, -248266, -578441, -441079, 0.67
-0.0771, -826563, -248215, -248215, -578348, -440997, 0.67
-0.0772, -826420, -248163, -248163, -578256, -440915, 0.67
-0.0773, -826276, -248112, -248112, -578164, -440834, 0.67
-0.0774, -826133, -248061, -248061, -578072, -440752, 0.67
-0.0775, -825990, -248010, -248010, -577980, -440670, 0.67
-0.0776, -825848, -247960, -247960, -577888, -440589, 0.67
-0.0777, -825705, -247909, -247909, -577796, -440508, 0.67
-0.0778, -825563, -247858, -247858, -577704, -440426, 0.67
-0.0779, -825420, -247808, -247808, -577613, -440345, 0.67
-0.078, -825278, -247757, -247757, -577521, -440264, 0.67
-0.0781, -825136, -247707, -247707, -577429, -440183, 0.67
-0.0782, -824994, -247657, -247657, -577337, -440102, 0.67
-0.0783, -824852, -247606, -247606, -577246, -440022, 0.67
-0.0784, -824710, -247556, -247556, -577154, -439941, 0.67
-0.0785, -824569, -247506, -247506, -577063, -439860, 0.67
-0.0786, -824428, -247456, -247456, -576971, -439780, 0.67
-0.0787, -824286, -247407, -247407, -576880, -439700, 0.67
-0.0788, -824145, -247357, -247357, -576788, -439620, 0.67
-0.0789, -824004, -247307, -247307, -576697, -439539, 0.67
-0.079, -823863, -247258, -247258, -576606, -439459, 0.67
-0.0791, -823723, -247208, -247208, -576515, -439380, 0.67
-0.0792, -823582, -247159, -247159, -576423, -439300, 0.67
-0.0793, -823442, -247109, -247109, -576332, -439220, 0.67
-0.0794, -823301, -247060, -247060, -576241, -439140, 0.67
-0.0795, -823161, -247011, -247011, -576150, -439061, 0.67
-0.0796, -823021, -246962, -246962, -576059, -438982, 0.67
-0.0797, -822881, -246913, -246913, -575968, -438902, 0.67
-0.0798, -822741, -246864, -246864, -575877, -438823, 0.67
-0.0799, -822602, -246815, -246815, -575786, -438744, 0.67
-0.08, -822462, -246766, -246766, -575696, -438665, 0.67
-0.0801, -822323, -246718, -246718, -575605, -438586, 0.67
-0.0802, -822183, -246669, -246669, -575514, -438507, 0.67
-0.0803, -822044, -246621, -246621, -575423, -438429, 0.67
-0.0804, -821905, -246572, -246572, -575333, -438350, 0.67
-0.0805, -821766, -246524, -246524, -575242, -438271, 0.67
-0.0806, -821627, -246476, -246476, -575152, -438193, 0.67
-0.0807, -821489, -246427, -246427, -575061, -438115, 0.67
-0.0808, -821350, -246379, -246379, -574971, -438036, 0.67
-0.0809, -821212, -246331, -246331, -574880, -437958, 0.67
-0.081, -821073, -246283, -246283, -574790, -437880, 0.67
-0.0811, -820935, -246236, -246236, -574700, -437802, 0.67
-0.0812, -820797, -246188, -246188, -574609, -437724, 0.67
-0.0813, -820659, -246140, -246140, -574519, -437646, 0.67
-0.0814, -820521, -246092, -246092, -574429, -437569, 0.67
-0.0815, -820384, -246045, -246045, -574339, -437491, 0.67
-0.0816, -820246, -245997, -245997, -574249, -437414, 0.67
-0.0817, -820109, -245950, -245950, -574159, -437336, 0.67
-0.0818, -819971, -245902, -245902, -574069, -437259, 0.67
-0.0819, -819834, -245855, -245855, -573979, -437182, 0.67
-0.082, -819697, -245808, -245808, -573889, -437104, 0.67
-0.0821, -819560, -245761, -245761, -573799, -437027, 0.67
-0.0822, -819423, -245714, -245714, -573710, -436950, 0.67
-0.0823, -819287, -245667, -245667, -573620, -436873, 0.67
-0.0824, -819150, -245620, -245620, -573530, -436797, 0.67
-0.0825, -819013, -245573, -245573, -573441, -436720, 0.67
-0.0826, -818877, -245526, -245526, -573351, -436643, 0.67
-0.0827, -818741, -245479, -245479, -573261, -436567, 0.67
-0.0828, -818605, -245433, -245433, -573172, -436490, 0.67
-0.0829, -818469, -245386, -245386, -573082, -436414, 0.67
-0.083, -818333, -245340, -245340, -572993, -436337, 0.67
-0.0831, -818197, -245293, -245293, -572904, -436261, 0.67
-0.0832, -818061, -245247, -245247, -572814, -436185, 0.67
-0.0833, -817926, -245201, -245201, -572725, -436109, 0.67
-0.0834, -817790, -245154, -245154, -572636, -436033, 0.67
-0.0835, -817655, -245108, -245108, -572547, -435957, 0.67
-0.0836, -817520, -245062, -245062, -572457, -435881, 0.67
-0.0837, -817384, -245016, -245016, -572368, -435806, 0.67
-0.0838, -817249, -244970, -244970, -572279, -435730, 0.67
-0.0839, -817115, -244924, -244924, -572190, -435654, 0.67
-0.084, -816980, -244878, -244878, -572101, -435579, 0.67
-0.0841, -816845, -244833, -244833, -572012, -435503, 0.67
-0.0842, -816710, -244787, -244787, -571924, -435428, 0.67
-0.0843, -816576, -244741, -244741, -571835, -435353, 0.67
-0.0844, -816442, -244696, -244696, -571746, -435278, 0.67
-0.0845, -816307, -244650, -244650, -571657, -435203, 0.67
-0.0846, -816173, -244605, -244605, -571569, -435128, 0.67
-0.0847, -816039, -244559, -244559, -571480, -435053, 0.67
-0.0848, -815905, -244514, -244514, -571391, -434978, 0.67
-0.0849, -815772, -244469, -244469, -571303, -434903, 0.67
-0.085, -815638, -244423, -244423, -571214, -434828, 0.67
-0.0851, -815504, -244378, -244378, -571126, -434754, 0.67
-0.0852, -815371, -244333, -244333, -571037, -434679, 0.67
-0.0853, -815237, -244288, -244288, -570949, -434605, 0.67
-0.0854, -815104, -244243, -244243, -570861, -434530, 0.67
-0.0855, -814971, -244198, -244198, -570773, -434456, 0.67
-0.0856, -814838, -244153, -244153, -570684, -434382, 0.67
-0.0857, -814705, -244109, -244109, -570596, -434307, 0.67
-0.0858, -814572, -244064, -244064, -570508, -434233, 0.67
-0.0859, -814439, -244019, -244019, -570420, -434159, 0.67
-0.086, -814307, -243975, -243975, -570332, -434085, 0.67
-0.0861, -814174, -243930, -243930, -570244, -434011, 0.67
-0.0862, -814042, -243886, -243886, -570156, -433938, 0.67
-0.0863, -813909, -243841, -243841, -570068, -433864, 0.67
-0.0864, -813777, -243797, -243797, -569980, -433790, 0.67
-0.0865, -813645, -243753, -243753, -569892, -433717, 0.67
-0.0866, -813513, -243708, -243708, -569804, -433643, 0.67
-0.0867, -813381, -243664, -243664, -569717, -433570, 0.67
-0.0868, -813249, -243620, -243620, -569629, -433496, 0.67
-0.0869, -813117, -243576, -243576, -569541, -433423, 0.67
-0.087, -812986, -243532, -243532, -569454, -433350, 0.67
-0.0871, -812854, -243488, -243488, -569366, -433277, 0.67
-0.0872, -812723, -243444, -243444, -569279, -433203, 0.67
-0.0873, -812591, -243400, -243400, -569191, -433130, 0.67
-0.0874, -812460, -243356, -243356, -569104, -433058, 0.67
-0.0875, -812329, -243312, -243312, -569016, -432985, 0.67
-0.0876, -812198, -243269, -243269, -568929, -432912, 0.67
-0.0877, -812067, -243225, -243225, -568842, -432839, 0.67
-0.0878, -811936, -243182, -243182, -568755, -432766, 0.67
-0.0879, -811805, -243138, -243138, -568667, -432694, 0.67
-0.088, -811675, -243094, -243094, -568580, -432621, 0.67
-0.0881, -811544, -243051, -243051, -568493, -432549, 0.67
-0.0882, -811414, -243008, -243008, -568406, -432476, 0.67
-0.0883, -811283, -242964, -242964, -568319, -432404, 0.67
-0.0884, -811153, -242921, -242921, -568232, -432332, 0.67
-0.0885, -811023, -242878, -242878, -568145, -432260, 0.67
-0.0886, -810893, -242835, -242835, -568058, -432187, 0.67
-0.0887, -810763, -242792, -242792, -567971, -432115, 0.67
-0.0888, -810633, -242748, -242748, -567885, -432043, 0.67
-0.0889, -810503, -242705, -242705, -567798, -431971, 0.67
-0.089, -810374, -242662, -242662, -567711, -431899, 0.67
-0.0891, -810244, -242620, -242620, -567624, -431828, 0.67
-0.0892, -810114, -242577, -242577, -567538, -431756, 0.67
-0.0893, -809985, -242534, -242534, -567451, -431684, 0.67
-0.0894, -809856, -242491, -242491, -567365, -431613, 0.67
-0.0895, -809727, -242448, -242448, -567278, -431541, 0.67
-0.0896, -809597, -242406, -242406, -567192, -431470, 0.67
-0.0897, -809468, -242363, -242363, -567105, -431398, 0.67
-0.0898, -809339, -242321, -242321, -567019, -431327, 0.67
-0.0899, -809211, -242278, -242278, -566933, -431256, 0.67
-0.09, -809082, -242236, -242236, -566846, -431184, 0.67
-0.0901, -808953, -242193, -242193, -566760, -431113, 0.67
-0.0902, -808825, -242151, -242151, -566674, -431042, 0.67
-0.0903, -808696, -242108, -242108, -566588, -430971, 0.67
-0.0904, -808568, -242066, -242066, -566502, -430900, 0.67
-0.0905, -808439, -242024, -242024, -566416, -430829, 0.67
-0.0906, -808311, -241982, -241982, -566330, -430758, 0.67
-0.0907, -808183, -241940, -241940, -566244, -430687, 0.67
-0.0908, -808055, -241897, -241897, -566158, -430617, 0.67
-0.0909, -807927, -241855, -241855, -566072, -430546, 0.67
-0.091, -807799, -241813, -241813, -565986, -430475, 0.67
-0.0911, -807672, -241771, -241771, -565900, -430405, 0.67
-0.0912, -807544, -241729, -241729, -565814, -430334, 0.67
-0.0913, -807416, -241688, -241688, -565729, -430264, 0.67
-0.0914, -807289, -241646, -241646, -565643, -430193, 0.67
-0.0915, -807161, -241604, -241604, -565557, -430123, 0.67
-0.0916, -807034, -241562, -241562, -565472, -430053, 0.67
-0.0917, -806907, -241521, -241521, -565386, -429983, 0.67
-0.0918, -806780, -241479, -241479, -565301, -429913, 0.67
-0.0919, -806653, -241437, -241437, -565215, -429842, 0.67
-0.092, -806526, -241396, -241396, -565130, -429772, 0.67
-0.0921, -806399, -241354, -241354, -565044, -429702, 0.67
-0.0922, -806272, -241313, -241313, -564959, -429633, 0.67
-0.0923, -806145, -241271, -241271, -564874, -429563, 0.67
-0.0924, -806019, -241230, -241230, -564789, -429493, 0.67
-0.0925, -805892, -241189, -241189, -564703, -429423, 0.67
-0.0926, -805766, -241147, -241147, -564618, -429354, 0.67
-0.0927, -805639, -241106, -241106, -564533, -429284, 0.67
-0.0928, -805513, -241065, -241065, -564448, -429214, 0.67
-0.0929, -805387, -241024, -241024, -564363, -429145, 0.67
-0.093, -805261, -240983, -240983, -564278, -429075, 0.67
-0.0931, -805135, -240942, -240942, -564193, -429006, 0.67
-0.0932, -805009, -240901, -240901, -564108, -428937, 0.67
-0.0933, -804883, -240860, -240860, -564023, -428867, 0.67
-0.0934, -804757, -240819, -240819, -563939, -428798, 0.67
-0.0935, -804631, -240778, -240778, -563854, -428729, 0.67
-0.0936, -804506, -240737, -240737, -563769, -428660, 0.67
-0.0937, -804380, -240696, -240696, -563684, -428591, 0.67
-0.0938, -804255, -240655, -240655, -563600, -428522, 0.67
-0.0939, -804130, -240614, -240614, -563515, -428453, 0.67
-0.094, -804004, -240574, -240574, -563430, -428384, 0.67
-0.0941, -803879, -240533, -240533, -563346, -428315, 0.67
-0.0942, -803754, -240492, -240492, -563261, -428246, 0.67
-0.0943, -803629, -240452, -240452, -563177, -428178, 0.67
-0.0944, -803504, -240411, -240411, -563093, -428109, 0.67
-0.0945, -803379, -240371, -240371, -563008, -428040, 0.67
-0.0946, -803254, -240330, -240330, -562924, -427972, 0.67
-0.0947, -803130, -240290, -240290, -562840, -427903, 0.67
-0.0948, -803005, -240250, -240250, -562756, -427835, 0.67
-0.0949, -802881, -240209, -240209, -562671, -427766, 0.67
-0.095, -802756, -240169, -240169, -562587, -427698, 0.67
-0.0951, -802632, -240129, -240129, -562503, -427630, 0.67
-0.0952, -802507, -240088, -240088, -562419, -427561, 0.67
-0.0953, -802383, -240048, -240048, -562335, -427493, 0.67
-0.0954, -802259, -240008, -240008, -562251, -427425, 0.67
-0.0955, -802135, -239968, -239968, -562167, -427357, 0.67
-0.0956, -802011, -239928, -239928, -562083, -427289, 0.67
-0.0957, -801887, -239888, -239888, -561999, -427221, 0.67
-0.0958, -801763, -239848, -239848, -561916, -427153, 0.67
-0.0959, -801640, -239808, -239808, -561832, -427085, 0.67
-0.096, -801516, -239768, -239768, -561748, -427017, 0.67
-0.0961, -801392, -239728, -239728, -561664, -426950, 0.67
-0.0962, -801269, -239688, -239688, -561581, -426882, 0.67
-0.0963, -801146, -239648, -239648, -561497, -426814, 0.67
-0.0964, -801022, -239609, -239609, -561414, -426746, 0.67
-0.0965, -800899, -239569, -239569, -561330, -426679, 0.67
-0.0966, -800776, -239529, -239529, -561247, -426611, 0.67
-0.0967, -800653, -239489, -239489, -561163, -426544, 0.67
-0.0968, -800530, -239450, -239450, -561080, -426476, 0.67
-0.0969, -800407, -239410, -239410, -560996, -426409, 0.67
-0.097, -800284, -239371, -239371, -560913, -426342, 0.67
-0.0971, -800161, -239331, -239331, -560830, -426274, 0.67
-0.0972, -800038, -239292, -239292, -560747, -426207, 0.67
-0.0973, -799916, -239252, -239252, -560663, -426140, 0.67
-0.0974, -799793, -239213, -239213, -560580, -426073, 0.67
-0.0975, -799671, -239173, -239173, -560497, -426006, 0.67
-0.0976, -799548, -239134, -239134, -560414, -425939, 0.67
-0.0977, -799426, -239095, -239095, -560331, -425872, 0.67
-0.0978, -799304, -239055, -239055, -560248, -425805, 0.67
-0.0979, -799181, -239016, -239016, -560165, -425738, 0.67
-0.098, -799059, -238977, -238977, -560082, -425671, 0.67
-0.0981, -798937, -238938, -238938, -560000, -425604, 0.67
-0.0982, -798815, -238899, -238899, -559917, -425538, 0.67
-0.0983, -798694, -238860, -238860, -559834, -425471, 0.67
-0.0984, -798572, -238821, -238821, -559751, -425404, 0.67
-0.0985, -798450, -238782, -238782, -559669, -425338, 0.67
-0.0986, -798328, -238743, -238743, -559586, -425271, 0.67
-0.0987, -798207, -238704, -238704, -559503, -425205, 0.67
-0.0988, -798085, -238665, -238665, -559421, -425138, 0.67
-0.0989, -797964, -238626, -238626, -559338, -425072, 0.67
-0.099, -797843, -238587, -238587, -559256, -425005, 0.67
-0.0991, -797721, -238548, -238548, -559173, -424939, 0.67
-0.0992, -797600, -238509, -238509, -559091, -424873, 0.67
-0.0993, -797479, -238470, -238470, -559008, -424807, 0.67
-0.0994, -797358, -238432, -238432, -558926, -424740, 0.67
-0.0995, -797237, -238393, -238393, -558844, -424674, 0.67
-0.0996, -797116, -238354, -238354, -558762, -424608, 0.67
-0.0997, -796995, -238316, -238316, -558679, -424542, 0.67
-0.0998, -796874, -238277, -238277, -558597, -424476, 0.67
-0.0999, -796754, -238238, -238238, -558515, -424410, 0.67
-0.1, -796633, -238200, -238200, -558433, -424344, 0.67
